relative_path,size_bytes
cases.csv,527
sionna_incident_summary.csv,898
sionna_incident_summary.png,132171
sionna_server.log,55964
tx_11/sionna/artifacts/collision_risk/collision_risk_summary.csv,107
tx_11/sionna/artifacts/collision_risk/collision_risk_timeseries.csv,15296
tx_11/sionna/artifacts/collision_risk/collision_risk_timeseries.png,76400
tx_11/sionna/figures/manifest.csv,332
tx_11/sionna/figures/v2v-emergencyVehicleAlert-nrv2x/emergency_control_actions.png,63044
tx_11/sionna/figures/v2v-emergencyVehicleAlert-nrv2x/emergency_drop_vs_control_actions.png,30011
tx_11/sionna/figures/v2v-emergencyVehicleAlert-nrv2x/emergency_risk_timeseries.png,81528
tx_11/sionna/v2v-emergencyVehicleAlert-nrv2x.log,2744
tx_17/sionna/artifacts/collision_risk/collision_risk_summary.csv,107
tx_17/sionna/artifacts/collision_risk/collision_risk_timeseries.csv,15296
tx_17/sionna/artifacts/collision_risk/collision_risk_timeseries.png,76400
tx_17/sionna/figures/manifest.csv,332
tx_17/sionna/figures/v2v-emergencyVehicleAlert-nrv2x/emergency_control_actions.png,62974
tx_17/sionna/figures/v2v-emergencyVehicleAlert-nrv2x/emergency_drop_vs_control_actions.png,30011
tx_17/sionna/figures/v2v-emergencyVehicleAlert-nrv2x/emergency_risk_timeseries.png,81528
tx_17/sionna/v2v-emergencyVehicleAlert-nrv2x.log,2748
tx_23/sionna/artifacts/collision_risk/collision_risk_summary.csv,107
tx_23/sionna/artifacts/collision_risk/collision_risk_timeseries.csv,15296
tx_23/sionna/artifacts/collision_risk/collision_risk_timeseries.png,76400
tx_23/sionna/figures/manifest.csv,332
tx_23/sionna/figures/v2v-emergencyVehicleAlert-nrv2x/emergency_control_actions.png,62974
tx_23/sionna/figures/v2v-emergencyVehicleAlert-nrv2x/emergency_drop_vs_control_actions.png,30011
tx_23/sionna/figures/v2v-emergencyVehicleAlert-nrv2x/emergency_risk_timeseries.png,81528
tx_23/sionna/v2v-emergencyVehicleAlert-nrv2x.log,2748
tx_5/sionna/artifacts/collision_risk/collision_risk_summary.csv,107
tx_5/sionna/artifacts/collision_risk/collision_risk_timeseries.csv,15296
tx_5/sionna/artifacts/collision_risk/collision_risk_timeseries.png,76400
tx_5/sionna/figures/manifest.csv,332
tx_5/sionna/figures/v2v-emergencyVehicleAlert-nrv2x/emergency_control_actions.png,63131
tx_5/sionna/figures/v2v-emergencyVehicleAlert-nrv2x/emergency_drop_vs_control_actions.png,30315
tx_5/sionna/figures/v2v-emergencyVehicleAlert-nrv2x/emergency_risk_timeseries.png,81528
tx_5/sionna/v2v-emergencyVehicleAlert-nrv2x.log,2737
